word,countrycode,year,month,day,hour,minute,second,recognized
1,235,2017,3,8,21,12,7.26604,0
5,39,2017,3,0,21,39,4.69013,0
20,173,2017,3,23,2,8,35.22998,0
8,235,4,3,8,21,12,7.26604,0
5,595,2019,3,0,21,39,4.69013,0
20,173,2000,3,23,54652,8,35.22998,0
